{
  "0": {
    "precision": 0.9715009499683344,
    "recall": 0.8765714285714286,
    "f1-score": 0.921598077500751,
    "support": 1750.0
  },
  "1": {
    "precision": 0.02262443438914027,
    "recall": 0.1,
    "f1-score": 0.03690036900369004,
    "support": 50.0
  },
  "accuracy": 0.855,
  "macro avg": {
    "precision": 0.49706269217873733,
    "recall": 0.48828571428571427,
    "f1-score": 0.4792492232522205,
    "support": 1800.0
  },
  "weighted avg": {
    "precision": 0.9451432689800234,
    "recall": 0.855,
    "f1-score": 0.8970231411536103,
    "support": 1800.0
  }
}