threshold,precision,recall,f1
0.1,0.02783964365256125,1.0,0.05417118093174431
0.2,0.027364663890541343,0.92,0.05314846909300982
0.3,0.03016924208977189,0.82,0.05819730305180979
0.4,0.03293413173652695,0.66,0.06273764258555133
0.5,0.03668261562998405,0.46,0.06794682422451995
0.6533460257003714,0.02262443438914027,0.1,0.03690036900369004
